2026-02-14 14:38:52.735517,192.168.1.50,3,MEDIUM
2026-02-14 14:38:52.735562,192.168.1.70,1,LOW
2026-02-14 14:39:02.738448,192.168.1.50,3,MEDIUM
2026-02-14 14:39:02.738675,192.168.1.70,1,LOW
2026-02-14 14:39:12.742232,192.168.1.50,3,MEDIUM
2026-02-14 14:39:12.742498,192.168.1.70,1,LOW
2026-02-14 15:35:05.018718,::1,3,MEDIUM
2026-02-14 15:35:15.020449,::1,3,MEDIUM
2026-02-14 16:04:59.502763,::1,3,MEDIUM
2026-02-14 16:05:09.505084,::1,3,MEDIUM
2026-02-14 16:05:19.508281,::1,3,MEDIUM
2026-02-14 16:05:29.510855,::1,3,MEDIUM
2026-02-14 16:05:39.515125,::1,3,MEDIUM
2026-02-14 16:05:49.522349,::1,3,MEDIUM
2026-02-14 16:05:59.524786,::1,3,MEDIUM
2026-02-14 16:06:09.529570,::1,3,MEDIUM
2026-02-14 16:06:19.533397,::1,3,MEDIUM
2026-02-14 16:06:29.535386,::1,3,MEDIUM
2026-02-14 16:06:39.537170,::1,3,MEDIUM
2026-02-14 16:06:49.540118,::1,3,MEDIUM
2026-02-14 16:06:59.546530,::1,3,MEDIUM
2026-02-14 16:07:09.552059,::1,3,MEDIUM
2026-02-14 16:07:19.556748,::1,3,MEDIUM
2026-02-14 16:07:29.561002,::1,3,MEDIUM
2026-02-14 16:07:39.562724,::1,3,MEDIUM
2026-02-14 16:07:49.564891,::1,3,MEDIUM
2026-02-14 16:07:59.567438,::1,3,MEDIUM
2026-02-14 16:08:09.570099,::1,3,MEDIUM
2026-02-14 16:08:19.573814,::1,3,MEDIUM
2026-02-14 16:08:29.577585,::1,3,MEDIUM
2026-02-14 16:08:39.580852,::1,3,MEDIUM
2026-02-14 16:08:49.583698,::1,3,MEDIUM
2026-02-14 16:08:59.586587,::1,3,MEDIUM
2026-02-14 16:09:09.589676,::1,3,MEDIUM
2026-02-14 16:09:19.591859,::1,3,MEDIUM
2026-02-14 16:09:29.594364,::1,3,MEDIUM
2026-02-14 16:09:39.596954,::1,3,MEDIUM
2026-02-14 16:09:49.598985,::1,3,MEDIUM
2026-02-14 16:09:59.602404,::1,3,MEDIUM
2026-02-14 16:10:09.605532,::1,3,MEDIUM
2026-02-14 16:10:19.608306,::1,3,MEDIUM
2026-02-14 16:10:29.611514,::1,3,MEDIUM
2026-02-14 16:10:39.614522,::1,3,MEDIUM
2026-02-14 16:10:49.625739,::1,3,MEDIUM
2026-02-14 16:10:59.631599,::1,3,MEDIUM
2026-02-14 16:11:09.636408,::1,3,MEDIUM
2026-02-14 16:11:19.641935,::1,3,MEDIUM
2026-02-14 16:11:29.645081,::1,3,MEDIUM
2026-02-14 16:11:39.647562,::1,3,MEDIUM
2026-02-14 16:11:49.649893,::1,3,MEDIUM
2026-02-14 16:11:59.653714,::1,3,MEDIUM
2026-02-14 16:12:09.656175,::1,3,MEDIUM
2026-02-14 16:12:19.663757,::1,3,MEDIUM
2026-02-14 16:12:29.667520,::1,3,MEDIUM
2026-02-14 16:12:39.670027,::1,3,MEDIUM
2026-02-14 16:12:49.673212,::1,3,MEDIUM
2026-02-14 16:12:59.675898,::1,3,MEDIUM
2026-02-14 16:13:09.678477,::1,3,MEDIUM
2026-02-14 16:13:19.684848,::1,3,MEDIUM
2026-02-14 16:13:29.688465,::1,3,MEDIUM
2026-02-14 16:13:39.691598,::1,3,MEDIUM
2026-02-14 16:13:49.699523,::1,3,MEDIUM
2026-02-14 16:13:59.702109,::1,3,MEDIUM
2026-02-14 16:14:09.709316,::1,3,MEDIUM
2026-02-14 16:14:19.715279,::1,3,MEDIUM
2026-02-14 16:14:29.720085,::1,3,MEDIUM
2026-02-14 16:14:39.722925,::1,3,MEDIUM
2026-02-14 16:14:49.726260,::1,3,MEDIUM
2026-02-14 16:14:59.729796,::1,3,MEDIUM
2026-02-14 16:15:09.733294,::1,3,MEDIUM
2026-02-14 16:15:19.739311,::1,3,MEDIUM
2026-02-14 16:15:29.743796,::1,3,MEDIUM
2026-02-14 16:15:39.746397,::1,3,MEDIUM
2026-02-14 16:15:49.749981,::1,3,MEDIUM
2026-02-14 16:15:59.751710,::1,3,MEDIUM
2026-02-14 16:16:09.758261,::1,3,MEDIUM
2026-02-14 16:16:19.765476,::1,3,MEDIUM
2026-02-14 16:16:29.774424,::1,3,MEDIUM
2026-02-14 16:16:39.782643,::1,3,MEDIUM
2026-02-14 16:16:49.787674,::1,3,MEDIUM
2026-02-14 16:16:59.790596,::1,3,MEDIUM
2026-02-14 16:17:09.793295,::1,3,MEDIUM
2026-02-14 16:17:19.798483,::1,3,MEDIUM
2026-02-14 16:17:29.802749,::1,3,MEDIUM
2026-02-14 16:17:39.805372,::1,3,MEDIUM
2026-02-14 16:17:49.811909,::1,3,MEDIUM
2026-02-14 16:17:59.819275,::1,3,MEDIUM
2026-02-14 16:18:09.868902,::1,3,MEDIUM
2026-02-14 16:18:19.870880,::1,3,MEDIUM
2026-02-14 16:18:29.873395,::1,3,MEDIUM
2026-02-14 16:18:39.876716,::1,3,MEDIUM
2026-02-14 16:18:49.879118,::1,3,MEDIUM
2026-02-14 16:18:59.889033,::1,3,MEDIUM
2026-02-14 16:19:09.891166,::1,3,MEDIUM
2026-02-14 16:19:19.893969,::1,3,MEDIUM
2026-02-14 16:19:29.899801,::1,3,MEDIUM
2026-02-14 16:19:39.905749,::1,3,MEDIUM
2026-02-14 16:19:49.906850,::1,3,MEDIUM
2026-02-14 16:19:59.908322,::1,3,MEDIUM
2026-02-14 16:20:09.929836,::1,3,MEDIUM
2026-02-14 16:20:19.934777,::1,3,MEDIUM
2026-02-14 16:20:29.952212,::1,3,MEDIUM
2026-02-14 16:20:39.954341,::1,3,MEDIUM
2026-02-14 16:20:49.956449,::1,3,MEDIUM
2026-02-14 16:20:59.957876,::1,3,MEDIUM
2026-02-14 16:21:09.962453,::1,3,MEDIUM
2026-02-14 16:21:19.969930,::1,3,MEDIUM
2026-02-14 16:21:29.978840,::1,3,MEDIUM
2026-02-14 16:21:39.981799,::1,3,MEDIUM
2026-02-14 16:21:49.983614,::1,3,MEDIUM
2026-02-14 16:21:59.985139,::1,3,MEDIUM
2026-02-14 16:22:06.352390,::1,7,HIGH
2026-02-14 16:22:09.988013,::1,3,MEDIUM
2026-02-14 16:22:11.044478,::1,7,HIGH
2026-02-14 16:22:16.354223,::1,7,HIGH
2026-02-14 16:22:19.992360,::1,3,MEDIUM
2026-02-14 16:22:21.047467,::1,7,HIGH
2026-02-14 16:22:26.357122,::1,7,HIGH
2026-02-14 16:22:29.994622,::1,3,MEDIUM
2026-02-14 16:22:31.053399,::1,7,HIGH
2026-02-14 16:22:36.359481,::1,7,HIGH
2026-02-14 16:22:40.000051,::1,3,MEDIUM
2026-02-14 16:22:41.057135,::1,7,HIGH
2026-02-14 16:22:46.363208,::1,7,HIGH
2026-02-14 16:22:50.004838,::1,3,MEDIUM
2026-02-14 16:22:51.060643,::1,7,HIGH
2026-02-14 16:22:56.367042,::1,7,HIGH
2026-02-14 16:23:00.010254,::1,3,MEDIUM
2026-02-14 16:23:01.067538,::1,7,HIGH
2026-02-14 16:23:06.372358,::1,7,HIGH
2026-02-14 16:23:10.012644,::1,3,MEDIUM
2026-02-14 16:23:11.071591,::1,7,HIGH
2026-02-14 16:23:16.377309,::1,7,HIGH
2026-02-14 16:23:20.015908,::1,3,MEDIUM
2026-02-14 16:23:21.074251,::1,7,HIGH
2026-02-14 16:23:26.387559,::1,7,HIGH
2026-02-14 16:23:30.025438,::1,3,MEDIUM
2026-02-14 16:23:31.076158,::1,7,HIGH
2026-02-14 16:23:36.391949,::1,7,HIGH
2026-02-14 16:23:40.028373,::1,3,MEDIUM
2026-02-14 16:23:41.079919,::1,7,HIGH
2026-02-14 16:23:46.400065,::1,7,HIGH
2026-02-14 16:23:50.030648,::1,3,MEDIUM
2026-02-14 16:23:51.083011,::1,7,HIGH
2026-02-14 16:23:56.403796,::1,7,HIGH
2026-02-14 16:24:00.035990,::1,3,MEDIUM
2026-02-14 16:24:01.085776,::1,7,HIGH
2026-02-14 16:24:06.406562,::1,7,HIGH
2026-02-14 16:24:10.038283,::1,3,MEDIUM
2026-02-14 16:24:11.088088,::1,7,HIGH
2026-02-14 16:24:16.411775,::1,7,HIGH
2026-02-14 16:24:20.044082,::1,3,MEDIUM
2026-02-14 16:24:21.095045,::1,7,HIGH
2026-02-14 16:24:26.414748,::1,7,HIGH
2026-02-14 16:24:30.048035,::1,3,MEDIUM
2026-02-14 16:24:31.098850,::1,7,HIGH
2026-02-14 16:24:36.417180,::1,7,HIGH
2026-02-14 16:24:40.050056,::1,3,MEDIUM
2026-02-14 16:24:41.105113,::1,7,HIGH
2026-02-14 16:24:46.420928,::1,7,HIGH
2026-02-14 16:24:50.054767,::1,3,MEDIUM
2026-02-14 16:24:51.108536,::1,7,HIGH
2026-02-14 16:24:56.423803,::1,7,HIGH
2026-02-14 16:25:00.058724,::1,3,MEDIUM
2026-02-14 16:25:01.116104,::1,7,HIGH
2026-02-14 16:25:06.427514,::1,7,HIGH
2026-02-14 16:25:10.068449,::1,3,MEDIUM
2026-02-14 16:25:11.121012,::1,7,HIGH
2026-02-14 16:25:16.433617,::1,7,HIGH
2026-02-14 16:25:20.070944,::1,3,MEDIUM
2026-02-14 16:25:21.125101,::1,7,HIGH
2026-02-14 16:25:26.442915,::1,7,HIGH
2026-02-14 16:25:30.074854,::1,3,MEDIUM
2026-02-14 16:25:31.132730,::1,7,HIGH
2026-02-14 16:25:36.446931,::1,7,HIGH
2026-02-14 16:25:40.080310,::1,3,MEDIUM
2026-02-14 16:25:41.136353,::1,7,HIGH
2026-02-14 16:25:46.451933,::1,7,HIGH
2026-02-14 16:25:50.088744,::1,3,MEDIUM
2026-02-14 16:25:51.138991,::1,7,HIGH
2026-02-14 16:25:56.455643,::1,7,HIGH
2026-02-14 16:26:00.092023,::1,3,MEDIUM
2026-02-14 16:26:01.140853,::1,7,HIGH
2026-02-14 16:26:06.458564,::1,7,HIGH
2026-02-14 16:26:10.095030,::1,3,MEDIUM
2026-02-14 16:26:11.145636,::1,7,HIGH
2026-02-14 16:26:16.462532,::1,7,HIGH
2026-02-14 16:26:20.097846,::1,3,MEDIUM
2026-02-14 16:26:21.149860,::1,7,HIGH
2026-02-14 16:26:26.473068,::1,7,HIGH
2026-02-14 16:26:30.102057,::1,3,MEDIUM
2026-02-14 16:26:31.151609,::1,7,HIGH
2026-02-14 16:26:36.476423,::1,7,HIGH
2026-02-14 16:26:40.108701,::1,3,MEDIUM
2026-02-14 16:26:41.153664,::1,7,HIGH
2026-02-14 16:26:46.479669,::1,7,HIGH
2026-02-14 16:26:50.117809,::1,3,MEDIUM
2026-02-14 16:26:51.157674,::1,7,HIGH
2026-02-14 16:26:56.483707,::1,7,HIGH
2026-02-14 16:27:00.120740,::1,3,MEDIUM
2026-02-14 16:27:01.159973,::1,7,HIGH
2026-02-14 16:27:06.489657,::1,7,HIGH
2026-02-14 16:27:10.123247,::1,3,MEDIUM
2026-02-14 16:27:11.162674,::1,7,HIGH
2026-02-14 16:27:16.499512,::1,7,HIGH
2026-02-14 16:27:20.125516,::1,3,MEDIUM
2026-02-14 16:27:21.166306,::1,7,HIGH
2026-02-14 16:27:26.503334,::1,7,HIGH
2026-02-14 16:27:30.129439,::1,3,MEDIUM
2026-02-14 16:27:31.170567,::1,7,HIGH
2026-02-14 16:27:36.509101,::1,7,HIGH
2026-02-14 16:27:40.133575,::1,3,MEDIUM
2026-02-14 16:27:41.174524,::1,7,HIGH
2026-02-14 16:27:46.513174,::1,7,HIGH
2026-02-14 16:27:50.136849,::1,3,MEDIUM
2026-02-14 16:27:51.178427,::1,7,HIGH
2026-02-14 16:27:56.516478,::1,7,HIGH
2026-02-14 16:28:00.139308,::1,3,MEDIUM
2026-02-14 16:28:01.182136,::1,7,HIGH
2026-02-14 16:28:06.520387,::1,7,HIGH
2026-02-14 16:28:10.142028,::1,3,MEDIUM
2026-02-14 16:28:11.186185,::1,7,HIGH
2026-02-14 16:28:16.524097,::1,7,HIGH
2026-02-14 16:28:20.148498,::1,3,MEDIUM
2026-02-14 16:28:21.192284,::1,7,HIGH
2026-02-14 16:28:26.526127,::1,7,HIGH
2026-02-14 16:28:30.153622,::1,3,MEDIUM
2026-02-14 16:28:31.201711,::1,7,HIGH
2026-02-14 16:28:36.527920,::1,7,HIGH
2026-02-14 16:28:40.155716,::1,3,MEDIUM
2026-02-14 16:28:41.207664,::1,7,HIGH
2026-02-14 16:28:46.534274,::1,7,HIGH
2026-02-14 16:28:50.161224,::1,3,MEDIUM
2026-02-14 16:28:51.213720,::1,7,HIGH
2026-02-14 16:28:56.540367,::1,7,HIGH
2026-02-14 16:29:00.167141,::1,3,MEDIUM
2026-02-14 16:29:01.218859,::1,7,HIGH
2026-02-14 16:29:06.546989,::1,7,HIGH
2026-02-14 16:29:10.172559,::1,3,MEDIUM
2026-02-14 16:29:11.224593,::1,7,HIGH
2026-02-14 16:29:16.559431,::1,7,HIGH
2026-02-14 16:29:20.176936,::1,3,MEDIUM
2026-02-14 16:29:21.227290,::1,7,HIGH
2026-02-14 16:29:26.563660,::1,7,HIGH
2026-02-14 16:29:30.180065,::1,3,MEDIUM
2026-02-14 16:29:31.229502,::1,7,HIGH
2026-02-14 16:29:36.568342,::1,7,HIGH
2026-02-14 16:29:40.182442,::1,3,MEDIUM
2026-02-14 16:29:41.231464,::1,7,HIGH
2026-02-14 16:29:46.572849,::1,7,HIGH
2026-02-14 16:29:50.188267,::1,3,MEDIUM
2026-02-14 16:29:51.234283,::1,7,HIGH
2026-02-14 16:29:56.576494,::1,7,HIGH
2026-02-14 16:30:00.191463,::1,3,MEDIUM
2026-02-14 16:30:06.579242,::1,7,HIGH
2026-02-14 16:30:10.193806,::1,3,MEDIUM
2026-02-14 16:30:11.239228,::1,7,HIGH
2026-02-14 16:30:16.581949,::1,7,HIGH
2026-02-14 16:30:20.196654,::1,3,MEDIUM
2026-02-14 16:30:21.244036,::1,7,HIGH
2026-02-14 16:30:26.588108,::1,7,HIGH
2026-02-14 16:30:30.198867,::1,3,MEDIUM
2026-02-14 16:30:31.247347,::1,7,HIGH
2026-02-14 16:30:36.590787,::1,7,HIGH
2026-02-14 16:30:40.210174,::1,3,MEDIUM
2026-02-14 16:30:41.249154,::1,7,HIGH
2026-02-14 16:30:46.592756,::1,7,HIGH
2026-02-14 16:30:50.215579,::1,3,MEDIUM
2026-02-14 16:30:51.251218,::1,7,HIGH
2026-02-14 16:30:56.595203,::1,7,HIGH
2026-02-14 16:31:00.216660,::1,3,MEDIUM
2026-02-14 16:31:01.253833,::1,7,HIGH
2026-02-14 16:31:06.599250,::1,7,HIGH
2026-02-14 16:31:10.218644,::1,3,MEDIUM
2026-02-14 16:31:11.257878,::1,7,HIGH
2026-02-14 16:31:16.602232,::1,7,HIGH
2026-02-14 16:31:20.224751,::1,3,MEDIUM
2026-02-14 16:31:21.262408,::1,7,HIGH
2026-02-14 16:31:26.605865,::1,7,HIGH
2026-02-14 16:31:30.229909,::1,3,MEDIUM
2026-02-14 16:31:31.264724,::1,7,HIGH
2026-02-14 16:31:36.609020,::1,7,HIGH
2026-02-14 16:31:40.232044,::1,3,MEDIUM
2026-02-14 16:31:41.266370,::1,7,HIGH
2026-02-14 16:31:46.611121,::1,7,HIGH
2026-02-14 16:31:50.237770,::1,3,MEDIUM
2026-02-14 16:31:51.273467,::1,7,HIGH
2026-02-14 16:31:56.614250,::1,7,HIGH
2026-02-14 16:32:00.241257,::1,3,MEDIUM
2026-02-14 16:32:01.277083,::1,7,HIGH
2026-02-14 16:32:06.618869,::1,7,HIGH
2026-02-14 16:32:10.243877,::1,3,MEDIUM
2026-02-14 16:32:11.281105,::1,7,HIGH
2026-02-14 16:32:16.623442,::1,7,HIGH
2026-02-14 16:32:20.247661,::1,3,MEDIUM
2026-02-14 16:32:21.284445,::1,7,HIGH
2026-02-14 16:32:26.626839,::1,7,HIGH
2026-02-14 16:32:30.250550,::1,3,MEDIUM
2026-02-14 16:32:31.288990,::1,7,HIGH
2026-02-14 16:32:36.630267,::1,7,HIGH
2026-02-14 16:32:40.254094,::1,3,MEDIUM
2026-02-14 16:32:41.294699,::1,7,HIGH
2026-02-14 16:32:46.633740,::1,7,HIGH
2026-02-14 16:32:50.257197,::1,3,MEDIUM
2026-02-14 16:32:51.298906,::1,7,HIGH
2026-02-14 16:32:56.639284,::1,7,HIGH
2026-02-14 16:33:00.260210,::1,3,MEDIUM
2026-02-14 16:33:01.301698,::1,7,HIGH
2026-02-14 16:33:06.644813,::1,7,HIGH
2026-02-14 16:33:10.262800,::1,3,MEDIUM
2026-02-14 16:33:11.304265,::1,7,HIGH
2026-02-14 16:33:16.648253,::1,7,HIGH
2026-02-14 16:33:20.265272,::1,3,MEDIUM
2026-02-14 16:33:21.308363,::1,7,HIGH
2026-02-14 16:33:26.651069,::1,7,HIGH
2026-02-14 16:33:30.270253,::1,3,MEDIUM
2026-02-14 16:33:31.315313,::1,7,HIGH
2026-02-14 16:33:36.658719,::1,7,HIGH
2026-02-14 16:33:40.277740,::1,3,MEDIUM
2026-02-14 16:33:41.317962,::1,7,HIGH
2026-02-14 16:33:46.665112,::1,7,HIGH
2026-02-14 16:33:50.280517,::1,3,MEDIUM
2026-02-14 16:33:51.319655,::1,7,HIGH
2026-02-14 16:34:00.281952,::1,3,MEDIUM
2026-02-14 16:34:01.321826,::1,7,HIGH
2026-02-14 16:34:10.288756,::1,3,MEDIUM
2026-02-14 16:34:11.325862,::1,7,HIGH
2026-02-14 16:34:20.292563,::1,3,MEDIUM
2026-02-14 16:34:21.327892,::1,7,HIGH
2026-02-14 16:34:30.294888,::1,3,MEDIUM
2026-02-14 16:34:31.330205,::1,7,HIGH
2026-02-14 16:34:40.296447,::1,3,MEDIUM
2026-02-14 16:34:41.335207,::1,7,HIGH
2026-02-14 16:34:50.300418,::1,3,MEDIUM
2026-02-14 16:34:51.341340,::1,7,HIGH
2026-02-14 16:35:00.303824,::1,3,MEDIUM
2026-02-14 16:35:01.357714,::1,7,HIGH
2026-02-14 16:35:10.311566,::1,3,MEDIUM
2026-02-14 16:35:11.373501,::1,7,HIGH
2026-02-14 16:35:20.317799,::1,3,MEDIUM
2026-02-14 16:35:21.378904,::1,7,HIGH
2026-02-14 16:35:30.323672,::1,3,MEDIUM
2026-02-14 16:35:31.382987,::1,7,HIGH
2026-02-14 16:35:40.331060,::1,3,MEDIUM
2026-02-14 16:35:41.387425,::1,7,HIGH
2026-02-14 16:35:50.341475,::1,3,MEDIUM
2026-02-14 16:35:51.390191,::1,7,HIGH
2026-02-14 16:36:00.348115,::1,3,MEDIUM
2026-02-14 16:36:10.352940,::1,3,MEDIUM
2026-02-14 16:36:11.395513,::1,7,HIGH
2026-02-14 16:36:20.358347,::1,3,MEDIUM
2026-02-14 16:36:21.397387,::1,7,HIGH
2026-02-14 16:36:30.363808,::1,3,MEDIUM
2026-02-14 16:36:31.400707,::1,7,HIGH
2026-02-14 16:36:40.366976,::1,3,MEDIUM
2026-02-14 16:36:41.404867,::1,7,HIGH
2026-02-14 16:36:50.369809,::1,3,MEDIUM
2026-02-14 16:36:51.420654,::1,7,HIGH
2026-02-14 16:37:00.373376,::1,3,MEDIUM
2026-02-14 16:37:01.424671,::1,7,HIGH
2026-02-14 16:37:10.375999,::1,3,MEDIUM
2026-02-14 16:37:11.428446,::1,7,HIGH
2026-02-14 16:37:20.386379,::1,3,MEDIUM
2026-02-14 16:37:21.430705,::1,7,HIGH
2026-02-14 16:37:30.390707,::1,3,MEDIUM
2026-02-14 16:37:31.433608,::1,7,HIGH
2026-02-14 16:37:40.395140,::1,3,MEDIUM
2026-02-14 16:37:41.438007,::1,7,HIGH
2026-02-14 16:37:50.402078,::1,3,MEDIUM
2026-02-14 16:37:51.443249,::1,7,HIGH
2026-02-14 16:38:00.407621,::1,3,MEDIUM
2026-02-14 16:38:01.447259,::1,7,HIGH
2026-02-14 16:38:10.411067,::1,3,MEDIUM
2026-02-14 16:38:11.449837,::1,7,HIGH
2026-02-14 16:38:20.414075,::1,3,MEDIUM
2026-02-14 16:38:21.452199,::1,7,HIGH
2026-02-14 16:38:30.416985,::1,3,MEDIUM
2026-02-14 16:38:31.466113,::1,7,HIGH
2026-02-14 16:38:40.422795,::1,3,MEDIUM
2026-02-14 16:38:41.472639,::1,7,HIGH
2026-02-14 16:38:50.426472,::1,3,MEDIUM
2026-02-14 16:38:51.475983,::1,7,HIGH
2026-02-14 16:39:00.429189,::1,3,MEDIUM
2026-02-14 16:39:01.477242,::1,7,HIGH
2026-02-14 16:39:10.431400,::1,3,MEDIUM
2026-02-14 16:39:10.686592,::1,7,HIGH
2026-02-14 16:39:11.479726,::1,7,HIGH
2026-02-14 16:39:20.433775,::1,3,MEDIUM
2026-02-14 16:39:21.482508,::1,7,HIGH
2026-02-14 16:39:30.436491,::1,3,MEDIUM
2026-02-14 16:39:31.485606,::1,7,HIGH
2026-02-14 16:39:40.439162,::1,3,MEDIUM
2026-02-14 16:39:41.488297,::1,7,HIGH
2026-02-14 16:39:50.441808,::1,3,MEDIUM
2026-02-14 16:39:51.491459,::1,7,HIGH
2026-02-14 16:40:00.444274,::1,3,MEDIUM
2026-02-14 16:40:01.497836,::1,7,HIGH
2026-02-14 16:40:10.447724,::1,3,MEDIUM
2026-02-14 16:40:11.500043,::1,7,HIGH
2026-02-14 16:40:20.452735,::1,3,MEDIUM
2026-02-14 16:40:21.503024,::1,7,HIGH
2026-02-14 16:40:30.455897,::1,3,MEDIUM
2026-02-14 16:40:31.508071,::1,7,HIGH
2026-02-14 16:40:40.459045,::1,3,MEDIUM
2026-02-14 16:40:41.511569,::1,7,HIGH
2026-02-14 16:40:50.462486,::1,3,MEDIUM
2026-02-14 16:40:51.514845,::1,7,HIGH
2026-02-14 16:41:00.466533,::1,3,MEDIUM
2026-02-14 16:41:01.517079,::1,7,HIGH
2026-02-14 16:41:10.470357,::1,3,MEDIUM
2026-02-14 16:41:11.526458,::1,7,HIGH
2026-02-14 16:41:20.472493,::1,3,MEDIUM
2026-02-14 16:41:21.531087,::1,7,HIGH
2026-02-14 16:41:30.475198,::1,3,MEDIUM
2026-02-14 16:41:31.538833,::1,7,HIGH
2026-02-14 16:41:40.480425,::1,3,MEDIUM
2026-02-14 16:41:41.546210,::1,7,HIGH
2026-02-14 16:41:50.489693,::1,3,MEDIUM
2026-02-14 16:41:51.550714,::1,7,HIGH
2026-02-14 16:42:00.493027,::1,3,MEDIUM
2026-02-14 16:42:01.552812,::1,7,HIGH
2026-02-14 16:42:10.497050,::1,3,MEDIUM
2026-02-14 16:42:11.554704,::1,7,HIGH
2026-02-14 16:42:20.499930,::1,3,MEDIUM
2026-02-14 16:42:21.558438,::1,7,HIGH
2026-02-14 16:42:30.504975,::1,3,MEDIUM
2026-02-14 16:42:31.561445,::1,7,HIGH
2026-02-14 16:42:40.509373,::1,3,MEDIUM
2026-02-14 16:42:41.568054,::1,7,HIGH
2026-02-14 16:42:50.511822,::1,3,MEDIUM
2026-02-14 16:42:51.572492,::1,7,HIGH
2026-02-14 16:43:00.517170,::1,3,MEDIUM
2026-02-14 16:43:01.583667,::1,7,HIGH
2026-02-14 16:43:10.519674,::1,3,MEDIUM
2026-02-14 16:43:11.586109,::1,7,HIGH
2026-02-14 16:43:20.525077,::1,3,MEDIUM
2026-02-14 16:43:21.588466,::1,7,HIGH
2026-02-14 16:43:30.529587,::1,3,MEDIUM
2026-02-14 16:43:31.593380,::1,7,HIGH
2026-02-14 16:43:40.532367,::1,3,MEDIUM
2026-02-14 16:43:41.602660,::1,7,HIGH
2026-02-14 16:43:50.538870,::1,3,MEDIUM
2026-02-14 16:43:51.605388,::1,7,HIGH
2026-02-14 16:44:00.541673,::1,3,MEDIUM
2026-02-14 16:44:01.613941,::1,7,HIGH
2026-02-14 16:44:10.544206,::1,3,MEDIUM
2026-02-14 16:44:11.616864,::1,7,HIGH
2026-02-14 16:44:20.549098,::1,3,MEDIUM
2026-02-14 16:44:21.620581,::1,7,HIGH
2026-02-14 16:44:30.555421,::1,3,MEDIUM
2026-02-14 16:44:31.629904,::1,7,HIGH
2026-02-14 16:44:40.563314,::1,3,MEDIUM
2026-02-14 16:44:41.634425,::1,7,HIGH
2026-02-14 16:44:50.568762,::1,3,MEDIUM
2026-02-14 16:44:51.638705,::1,7,HIGH
2026-02-14 16:45:00.571365,::1,3,MEDIUM
2026-02-14 16:45:01.641664,::1,7,HIGH
2026-02-14 16:45:10.575767,::1,3,MEDIUM
2026-02-14 16:45:11.649773,::1,7,HIGH
2026-02-14 16:45:20.579486,::1,3,MEDIUM
2026-02-14 16:45:21.653262,::1,7,HIGH
2026-02-14 16:45:30.581823,::1,3,MEDIUM
2026-02-14 16:45:31.655801,::1,7,HIGH
2026-02-14 16:45:40.583873,::1,3,MEDIUM
2026-02-14 16:45:41.658801,::1,7,HIGH
2026-02-14 16:45:50.589169,::1,3,MEDIUM
2026-02-14 16:45:51.662523,::1,7,HIGH
2026-02-14 16:46:00.593561,::1,3,MEDIUM
2026-02-14 16:46:01.672289,::1,7,HIGH
2026-02-14 16:46:10.597480,::1,3,MEDIUM
2026-02-14 16:46:11.681327,::1,7,HIGH
2026-02-14 16:46:20.601506,::1,3,MEDIUM
2026-02-14 16:46:21.709521,::1,7,HIGH
2026-02-14 16:46:30.604838,::1,3,MEDIUM
2026-02-14 16:46:31.721302,::1,7,HIGH
2026-02-14 16:46:40.608804,::1,3,MEDIUM
2026-02-14 16:46:41.725902,::1,7,HIGH
2026-02-14 16:46:50.612550,::1,3,MEDIUM
2026-02-14 16:46:51.735936,::1,7,HIGH
2026-02-14 16:47:00.614301,::1,3,MEDIUM
2026-02-14 16:47:01.738565,::1,7,HIGH
2026-02-14 16:47:10.616229,::1,3,MEDIUM
2026-02-14 16:47:11.743074,::1,7,HIGH
2026-02-14 16:47:20.618119,::1,3,MEDIUM
2026-02-14 16:47:21.749390,::1,7,HIGH
2026-02-14 16:47:30.620577,::1,3,MEDIUM
2026-02-14 16:47:31.754565,::1,7,HIGH
2026-02-14 16:47:40.624293,::1,3,MEDIUM
2026-02-14 16:47:41.759525,::1,7,HIGH
2026-02-14 16:47:50.629421,::1,3,MEDIUM
2026-02-14 16:47:51.762817,::1,7,HIGH
2026-02-14 16:48:00.637178,::1,3,MEDIUM
2026-02-14 16:48:01.766183,::1,7,HIGH
2026-02-14 16:48:10.642113,::1,3,MEDIUM
2026-02-14 16:48:11.769553,::1,7,HIGH
2026-02-14 16:48:20.645131,::1,3,MEDIUM
2026-02-14 16:48:21.773415,::1,7,HIGH
2026-02-14 16:48:30.647113,::1,3,MEDIUM
2026-02-14 16:48:31.776476,::1,7,HIGH
2026-02-14 16:48:40.652588,::1,3,MEDIUM
2026-02-14 16:48:41.779794,::1,7,HIGH
2026-02-14 16:48:50.656440,::1,3,MEDIUM
2026-02-14 16:48:51.784003,::1,7,HIGH
2026-02-14 16:49:00.659771,::1,3,MEDIUM
2026-02-14 16:49:01.788018,::1,7,HIGH
2026-02-14 16:49:10.662385,::1,3,MEDIUM
2026-02-14 16:49:11.791167,::1,7,HIGH
2026-02-14 16:49:20.665853,::1,3,MEDIUM
2026-02-14 16:49:21.797085,::1,7,HIGH
2026-02-14 16:49:30.668525,::1,3,MEDIUM
2026-02-14 16:49:31.804160,::1,7,HIGH
2026-02-14 16:49:40.670863,::1,3,MEDIUM
2026-02-14 16:49:41.807476,::1,7,HIGH
2026-02-14 16:49:50.674156,::1,3,MEDIUM
2026-02-14 16:49:51.811060,::1,7,HIGH
2026-02-14 16:50:00.677994,::1,3,MEDIUM
2026-02-14 16:50:01.814427,::1,7,HIGH
2026-02-14 16:50:10.681967,::1,3,MEDIUM
2026-02-14 16:50:11.827406,::1,7,HIGH
2026-02-14 16:50:20.686116,::1,3,MEDIUM
2026-02-14 16:50:21.835499,::1,7,HIGH
2026-02-14 16:50:30.688853,::1,3,MEDIUM
2026-02-14 16:50:31.837530,::1,7,HIGH
2026-02-14 16:50:40.694391,::1,3,MEDIUM
2026-02-14 16:50:41.843073,::1,7,HIGH
2026-02-14 16:50:50.700259,::1,3,MEDIUM
2026-02-14 16:50:51.847070,::1,7,HIGH
2026-02-14 16:51:00.704335,::1,3,MEDIUM
2026-02-14 16:51:01.850417,::1,7,HIGH
2026-02-14 16:51:10.707465,::1,3,MEDIUM
2026-02-14 16:51:11.854863,::1,7,HIGH
2026-02-14 16:51:20.710353,::1,3,MEDIUM
2026-02-14 16:51:21.857227,::1,7,HIGH
2026-02-14 16:51:30.713099,::1,3,MEDIUM
2026-02-14 16:51:31.863332,::1,7,HIGH
2026-02-14 16:51:40.718037,::1,3,MEDIUM
2026-02-14 16:51:41.869852,::1,7,HIGH
2026-02-14 16:51:50.721420,::1,3,MEDIUM
2026-02-14 16:51:51.874175,::1,7,HIGH
2026-02-14 16:52:00.723742,::1,3,MEDIUM
2026-02-14 16:52:01.877626,::1,7,HIGH
2026-02-14 16:52:10.726409,::1,3,MEDIUM
2026-02-14 16:52:11.882503,::1,7,HIGH
2026-02-14 16:52:20.729574,::1,3,MEDIUM
2026-02-14 16:52:21.886420,::1,7,HIGH
2026-02-14 16:52:30.733503,::1,3,MEDIUM
2026-02-14 16:52:31.889842,::1,7,HIGH
2026-02-14 16:52:40.737429,::1,3,MEDIUM
2026-02-14 16:52:41.892886,::1,7,HIGH
2026-02-14 16:52:50.742425,::1,3,MEDIUM
2026-02-14 16:52:51.896181,::1,7,HIGH
2026-02-14 16:53:00.746469,::1,3,MEDIUM
2026-02-14 16:53:01.898444,::1,7,HIGH
2026-02-14 16:53:10.751969,::1,3,MEDIUM
2026-02-14 16:53:11.902186,::1,7,HIGH
2026-02-14 16:53:20.755563,::1,3,MEDIUM
2026-02-14 16:53:21.905075,::1,7,HIGH
2026-02-14 16:53:30.763514,::1,3,MEDIUM
2026-02-14 16:53:31.908183,::1,7,HIGH
2026-02-14 16:53:40.767567,::1,3,MEDIUM
2026-02-14 16:53:41.910813,::1,7,HIGH
2026-02-14 16:53:50.772802,::1,3,MEDIUM
2026-02-14 16:53:51.914429,::1,7,HIGH
2026-02-14 16:54:00.775231,::1,3,MEDIUM
2026-02-14 16:54:01.917082,::1,7,HIGH
2026-02-14 16:54:10.777797,::1,3,MEDIUM
2026-02-14 16:54:11.921676,::1,7,HIGH
2026-02-14 16:54:20.781384,::1,3,MEDIUM
2026-02-14 16:54:21.925396,::1,7,HIGH
2026-02-14 16:54:30.785084,::1,3,MEDIUM
2026-02-14 16:54:31.928492,::1,7,HIGH
2026-02-14 16:54:40.788159,::1,3,MEDIUM
2026-02-14 16:54:41.931163,::1,7,HIGH
2026-02-14 16:54:50.791781,::1,3,MEDIUM
2026-02-14 16:54:51.936734,::1,7,HIGH
2026-02-14 16:55:00.794844,::1,3,MEDIUM
2026-02-14 16:55:01.939109,::1,7,HIGH
2026-02-14 16:55:10.796699,::1,3,MEDIUM
2026-02-14 16:55:11.943013,::1,7,HIGH
2026-02-14 16:55:20.801716,::1,3,MEDIUM
2026-02-14 16:55:21.956121,::1,7,HIGH
2026-02-14 16:55:30.805826,::1,3,MEDIUM
2026-02-14 16:55:31.958752,::1,7,HIGH
2026-02-14 16:55:40.810284,::1,3,MEDIUM
2026-02-14 16:55:41.961050,::1,7,HIGH
2026-02-14 16:55:50.813527,::1,3,MEDIUM
2026-02-14 16:55:51.964156,::1,7,HIGH
2026-02-14 16:56:00.816989,::1,3,MEDIUM
2026-02-14 16:56:01.967015,::1,7,HIGH
2026-02-14 16:56:10.826598,::1,3,MEDIUM
2026-02-14 16:56:11.970037,::1,7,HIGH
2026-02-14 16:56:20.830107,::1,3,MEDIUM
2026-02-14 16:56:21.972594,::1,7,HIGH
2026-02-14 16:56:30.833703,::1,3,MEDIUM
2026-02-14 16:56:31.975334,::1,7,HIGH
2026-02-14 16:56:40.836761,::1,3,MEDIUM
2026-02-14 16:56:41.981127,::1,7,HIGH
2026-02-14 16:56:50.841186,::1,3,MEDIUM
2026-02-14 16:56:51.985150,::1,7,HIGH
2026-02-14 16:57:00.844719,::1,3,MEDIUM
2026-02-14 16:57:10.848335,::1,3,MEDIUM
2026-02-14 16:57:11.990136,::1,7,HIGH
2026-02-14 16:57:20.851746,::1,3,MEDIUM
2026-02-14 16:57:21.992981,::1,7,HIGH
2026-02-14 16:57:30.855781,::1,3,MEDIUM
2026-02-14 16:57:31.996099,::1,7,HIGH
2026-02-14 16:57:40.859556,::1,3,MEDIUM
2026-02-14 16:57:41.999696,::1,7,HIGH
2026-02-14 16:57:50.863873,::1,3,MEDIUM
2026-02-14 16:57:52.003196,::1,7,HIGH
2026-02-14 16:58:00.867002,::1,3,MEDIUM
2026-02-14 16:58:02.005649,::1,7,HIGH
2026-02-14 16:58:10.871220,::1,3,MEDIUM
2026-02-14 16:58:12.008329,::1,7,HIGH
2026-02-14 16:58:20.874814,::1,3,MEDIUM
2026-02-14 16:58:22.014744,::1,7,HIGH
2026-02-14 16:58:30.877273,::1,3,MEDIUM
2026-02-14 16:58:32.018459,::1,7,HIGH
2026-02-14 16:58:40.880841,::1,3,MEDIUM
2026-02-14 16:58:42.020394,::1,7,HIGH
2026-02-14 16:58:50.885062,::1,3,MEDIUM
2026-02-14 16:58:52.023591,::1,7,HIGH
2026-02-14 16:59:00.887089,::1,3,MEDIUM
2026-02-14 16:59:02.027735,::1,7,HIGH
2026-02-14 16:59:10.889128,::1,3,MEDIUM
2026-02-14 16:59:12.030457,::1,7,HIGH
2026-02-14 16:59:20.891797,::1,3,MEDIUM
2026-02-14 16:59:22.033260,::1,7,HIGH
2026-02-14 16:59:30.893610,::1,3,MEDIUM
2026-02-14 16:59:32.037052,::1,7,HIGH
2026-02-14 16:59:40.898288,::1,3,MEDIUM
2026-02-14 16:59:42.041753,::1,7,HIGH
2026-02-14 16:59:50.901302,::1,3,MEDIUM
2026-02-14 16:59:52.048982,::1,7,HIGH
2026-02-14 17:00:00.905062,::1,3,MEDIUM
2026-02-14 17:00:02.057382,::1,7,HIGH
2026-02-14 17:00:10.908266,::1,3,MEDIUM
2026-02-14 17:00:12.064893,::1,7,HIGH
2026-02-14 17:00:20.911939,::1,3,MEDIUM
2026-02-14 17:00:22.071836,::1,7,HIGH
2026-02-14 17:00:30.917372,::1,3,MEDIUM
2026-02-14 17:00:32.080946,::1,7,HIGH
2026-02-14 17:00:40.921278,::1,3,MEDIUM
2026-02-14 17:00:42.085598,::1,7,HIGH
2026-02-14 17:00:50.925706,::1,3,MEDIUM
2026-02-14 17:00:52.088735,::1,7,HIGH
2026-02-14 17:01:00.933925,::1,3,MEDIUM
2026-02-14 17:01:02.093464,::1,7,HIGH
2026-02-14 17:01:10.936829,::1,3,MEDIUM
2026-02-14 17:01:12.098636,::1,7,HIGH
2026-02-14 17:01:20.946731,::1,3,MEDIUM
2026-02-14 17:01:22.104833,::1,7,HIGH
2026-02-14 17:01:30.950462,::1,3,MEDIUM
2026-02-14 17:01:32.107883,::1,7,HIGH
2026-02-14 17:01:40.953734,::1,3,MEDIUM
2026-02-14 17:01:42.112214,::1,7,HIGH
2026-02-14 17:01:50.956505,::1,3,MEDIUM
2026-02-14 17:01:52.115282,::1,7,HIGH
2026-02-14 17:02:00.958967,::1,3,MEDIUM
2026-02-14 17:02:10.963186,::1,3,MEDIUM
2026-02-14 17:02:12.119451,::1,7,HIGH
2026-02-14 17:02:20.967393,::1,3,MEDIUM
2026-02-14 17:02:22.121618,::1,7,HIGH
2026-02-14 17:02:30.969843,::1,3,MEDIUM
2026-02-14 17:02:32.126399,::1,7,HIGH
2026-02-14 17:02:40.973598,::1,3,MEDIUM
2026-02-14 17:02:42.133919,::1,7,HIGH
2026-02-14 17:02:50.977819,::1,3,MEDIUM
2026-02-14 17:02:52.137948,::1,7,HIGH
2026-02-14 17:03:00.981824,::1,3,MEDIUM
2026-02-14 17:03:02.143739,::1,7,HIGH
2026-02-14 17:03:10.984987,::1,3,MEDIUM
2026-02-14 17:03:12.149474,::1,7,HIGH
2026-02-14 17:03:20.987192,::1,3,MEDIUM
2026-02-14 17:03:22.154349,::1,7,HIGH
2026-02-14 17:03:30.989817,::1,3,MEDIUM
2026-02-14 17:03:32.157517,::1,7,HIGH
2026-02-14 17:03:40.993476,::1,3,MEDIUM
2026-02-14 17:03:42.162004,::1,7,HIGH
2026-02-14 17:03:50.997293,::1,3,MEDIUM
2026-02-14 17:03:52.165801,::1,7,HIGH
2026-02-14 17:04:00.999324,::1,3,MEDIUM
2026-02-14 17:04:02.168431,::1,7,HIGH
2026-02-14 17:04:11.002144,::1,3,MEDIUM
2026-02-14 17:04:12.171973,::1,7,HIGH
2026-02-14 17:04:21.011484,::1,3,MEDIUM
2026-02-14 17:04:22.176005,::1,7,HIGH
2026-02-14 17:04:31.015099,::1,3,MEDIUM
2026-02-14 17:04:32.178740,::1,7,HIGH
2026-02-14 17:04:41.018572,::1,3,MEDIUM
2026-02-14 17:04:42.182667,::1,7,HIGH
2026-02-14 17:04:51.023630,::1,3,MEDIUM
2026-02-14 17:04:52.187027,::1,7,HIGH
2026-02-14 17:05:01.026335,::1,3,MEDIUM
2026-02-14 17:05:02.191549,::1,7,HIGH
2026-02-14 17:05:11.028072,::1,3,MEDIUM
2026-02-14 17:05:12.200668,::1,7,HIGH
2026-02-14 17:05:21.035590,::1,3,MEDIUM
2026-02-14 17:05:22.204330,::1,7,HIGH
2026-02-14 17:05:31.039099,::1,3,MEDIUM
2026-02-14 17:05:32.209599,::1,7,HIGH
2026-02-14 17:05:41.041446,::1,3,MEDIUM
2026-02-14 17:05:42.216019,::1,7,HIGH
2026-02-14 17:05:51.043781,::1,3,MEDIUM
2026-02-14 17:05:52.222456,::1,7,HIGH
2026-02-14 17:06:01.045462,::1,3,MEDIUM
2026-02-14 17:06:02.225955,::1,7,HIGH
2026-02-14 17:06:11.048625,::1,3,MEDIUM
2026-02-14 17:06:12.229035,::1,7,HIGH
2026-02-14 17:06:21.051220,::1,3,MEDIUM
2026-02-14 17:06:22.242254,::1,7,HIGH
2026-02-14 17:06:31.052775,::1,3,MEDIUM
2026-02-14 17:06:32.249817,::1,7,HIGH
2026-02-14 17:06:41.054897,::1,3,MEDIUM
2026-02-14 17:06:42.252889,::1,7,HIGH
2026-02-14 17:06:51.057338,::1,3,MEDIUM
2026-02-14 17:06:52.258604,::1,7,HIGH
2026-02-14 17:07:01.059275,::1,3,MEDIUM
2026-02-14 17:07:02.263966,::1,7,HIGH
2026-02-14 17:07:11.064024,::1,3,MEDIUM
2026-02-14 17:07:12.274232,::1,7,HIGH
2026-02-14 17:07:21.068059,::1,3,MEDIUM
2026-02-14 17:07:22.277245,::1,7,HIGH
2026-02-14 17:07:31.071963,::1,3,MEDIUM
2026-02-14 17:07:32.280925,::1,7,HIGH
2026-02-14 17:07:41.074671,::1,3,MEDIUM
2026-02-14 17:07:42.288362,::1,7,HIGH
2026-02-14 17:07:51.077728,::1,3,MEDIUM
2026-02-14 17:07:52.294345,::1,7,HIGH
2026-02-14 17:08:01.080032,::1,3,MEDIUM
2026-02-14 17:08:02.298469,::1,7,HIGH
2026-02-14 17:08:11.082010,::1,3,MEDIUM
2026-02-14 17:08:12.299923,::1,7,HIGH
2026-02-14 17:08:21.083856,::1,3,MEDIUM
2026-02-14 17:08:22.301877,::1,7,HIGH
2026-02-14 17:08:31.085675,::1,3,MEDIUM
2026-02-14 17:08:32.303584,::1,7,HIGH
2026-02-14 17:08:41.087177,::1,3,MEDIUM
2026-02-14 17:08:42.305573,::1,7,HIGH
2026-02-14 17:08:51.089589,::1,3,MEDIUM
2026-02-14 17:08:52.307739,::1,7,HIGH
2026-02-14 17:09:01.091393,::1,3,MEDIUM
2026-02-14 17:09:02.309622,::1,7,HIGH
2026-02-14 17:09:11.094872,::1,3,MEDIUM
2026-02-14 17:09:12.311221,::1,7,HIGH
2026-02-14 17:09:21.097745,::1,3,MEDIUM
2026-02-14 17:09:22.313716,::1,7,HIGH
2026-02-14 17:09:31.101505,::1,3,MEDIUM
2026-02-14 17:09:32.316563,::1,7,HIGH
2026-02-14 17:09:41.104677,::1,3,MEDIUM
2026-02-14 17:09:42.319473,::1,7,HIGH
2026-02-14 17:09:51.107600,::1,3,MEDIUM
2026-02-14 17:09:52.322829,::1,7,HIGH
2026-02-14 17:10:01.109281,::1,3,MEDIUM
2026-02-14 17:10:02.326959,::1,7,HIGH
2026-02-14 17:10:11.111112,::1,3,MEDIUM
2026-02-14 17:10:12.329101,::1,7,HIGH
2026-02-14 17:10:21.113732,::1,3,MEDIUM
2026-02-14 17:10:22.332264,::1,7,HIGH
2026-02-14 17:10:31.114970,::1,3,MEDIUM
2026-02-14 17:10:32.334957,::1,7,HIGH
2026-02-14 17:10:41.118116,::1,3,MEDIUM
2026-02-14 17:10:42.339111,::1,7,HIGH
2026-02-14 17:10:51.120815,::1,3,MEDIUM
2026-02-14 17:10:52.342468,::1,7,HIGH
2026-02-14 17:11:01.122500,::1,3,MEDIUM
2026-02-14 17:11:02.344196,::1,7,HIGH
2026-02-14 17:11:11.124493,::1,3,MEDIUM
2026-02-14 17:11:12.346260,::1,7,HIGH
2026-02-14 17:11:21.127137,::1,3,MEDIUM
2026-02-14 17:11:22.349747,::1,7,HIGH
2026-02-14 17:11:31.129556,::1,3,MEDIUM
2026-02-14 17:11:32.353025,::1,7,HIGH
2026-02-14 17:11:41.132805,::1,3,MEDIUM
2026-02-14 17:11:42.355065,::1,7,HIGH
2026-02-14 17:11:51.134521,::1,3,MEDIUM
2026-02-14 17:11:52.358357,::1,7,HIGH
2026-02-14 17:12:01.136491,::1,3,MEDIUM
2026-02-14 17:12:02.360080,::1,7,HIGH
2026-02-14 17:12:11.138012,::1,3,MEDIUM
2026-02-14 17:12:12.363533,::1,7,HIGH
2026-02-14 17:12:21.144015,::1,3,MEDIUM
2026-02-14 17:12:22.367068,::1,7,HIGH
2026-02-14 17:12:31.147846,::1,3,MEDIUM
2026-02-14 17:12:32.370381,::1,7,HIGH
2026-02-14 17:12:41.149985,::1,3,MEDIUM
2026-02-14 17:12:42.373139,::1,7,HIGH
2026-02-14 17:12:51.152201,::1,3,MEDIUM
2026-02-14 17:12:52.376162,::1,7,HIGH
2026-02-14 17:13:01.155429,::1,3,MEDIUM
2026-02-14 17:13:02.378908,::1,7,HIGH
2026-02-14 17:13:11.158584,::1,3,MEDIUM
2026-02-14 17:13:12.382577,::1,7,HIGH
2026-02-14 17:13:21.162522,::1,3,MEDIUM
2026-02-14 17:13:22.387705,::1,7,HIGH
2026-02-14 17:13:31.164694,::1,3,MEDIUM
2026-02-14 17:13:32.392128,::1,7,HIGH
2026-02-14 17:13:41.166769,::1,3,MEDIUM
2026-02-14 17:13:42.393842,::1,7,HIGH
2026-02-14 17:13:51.172098,::1,3,MEDIUM
2026-02-14 17:13:52.396277,::1,7,HIGH
2026-02-14 17:14:01.174985,::1,3,MEDIUM
2026-02-14 17:14:02.400358,::1,7,HIGH
2026-02-14 17:14:11.177154,::1,3,MEDIUM
2026-02-14 17:14:12.404574,::1,7,HIGH
2026-02-14 17:14:21.179777,::1,3,MEDIUM
2026-02-14 17:14:22.407560,::1,7,HIGH
2026-02-14 17:14:31.181851,::1,3,MEDIUM
2026-02-14 17:14:32.414858,::1,7,HIGH
2026-02-14 17:14:41.184614,::1,3,MEDIUM
2026-02-14 17:14:42.426284,::1,7,HIGH
2026-02-14 17:14:51.189579,::1,3,MEDIUM
2026-02-14 17:14:52.430732,::1,7,HIGH
2026-02-14 17:15:01.191505,::1,3,MEDIUM
2026-02-14 17:15:02.436337,::1,7,HIGH
2026-02-14 17:15:11.193551,::1,3,MEDIUM
2026-02-14 17:15:12.440328,::1,7,HIGH
2026-02-14 17:15:21.196760,::1,3,MEDIUM
2026-02-14 17:15:22.443413,::1,7,HIGH
2026-02-14 17:15:31.204847,::1,3,MEDIUM
2026-02-14 17:15:32.445872,::1,7,HIGH
2026-02-14 17:15:41.207731,::1,3,MEDIUM
2026-02-14 17:15:42.448420,::1,7,HIGH
2026-02-14 17:15:51.210075,::1,3,MEDIUM
2026-02-14 17:15:52.457225,::1,7,HIGH
2026-02-14 17:16:01.214977,::1,3,MEDIUM
2026-02-14 17:16:02.464226,::1,7,HIGH
2026-02-14 17:16:11.219191,::1,3,MEDIUM
2026-02-14 17:16:12.468905,::1,7,HIGH
2026-02-14 17:16:21.222412,::1,3,MEDIUM
2026-02-14 17:16:22.471091,::1,7,HIGH
2026-02-14 17:16:31.225438,::1,3,MEDIUM
2026-02-14 17:16:32.473631,::1,7,HIGH
2026-02-14 17:16:41.229755,::1,3,MEDIUM
2026-02-14 17:16:42.478213,::1,7,HIGH
2026-02-14 17:16:51.232966,::1,3,MEDIUM
2026-02-14 17:16:52.482599,::1,7,HIGH
2026-02-14 17:17:01.234771,::1,3,MEDIUM
2026-02-14 17:17:02.485161,::1,7,HIGH
2026-02-14 17:17:11.236505,::1,3,MEDIUM
2026-02-14 17:17:12.488917,::1,7,HIGH
2026-02-14 17:17:21.239440,::1,3,MEDIUM
2026-02-14 17:17:22.491703,::1,7,HIGH
2026-02-14 17:17:31.241221,::1,3,MEDIUM
2026-02-14 17:17:32.495311,::1,7,HIGH
2026-02-14 17:17:41.243899,::1,3,MEDIUM
2026-02-14 17:17:42.499961,::1,7,HIGH
2026-02-14 17:17:51.245930,::1,3,MEDIUM
2026-02-14 17:17:52.503453,::1,7,HIGH
2026-02-14 17:18:01.248188,::1,3,MEDIUM
2026-02-14 17:18:02.505835,::1,7,HIGH
2026-02-14 17:18:11.251256,::1,3,MEDIUM
2026-02-14 17:18:12.509333,::1,7,HIGH
2026-02-14 17:18:21.253128,::1,3,MEDIUM
2026-02-14 17:18:22.512652,::1,7,HIGH
2026-02-14 17:18:31.255588,::1,3,MEDIUM
2026-02-14 17:18:32.515498,::1,7,HIGH
2026-02-14 17:18:41.257833,::1,3,MEDIUM
2026-02-14 17:18:42.517589,::1,7,HIGH
2026-02-14 17:18:51.260628,::1,3,MEDIUM
2026-02-14 17:18:52.523643,::1,7,HIGH
2026-02-14 17:19:01.263026,::1,3,MEDIUM
2026-02-14 17:19:02.525480,::1,7,HIGH
2026-02-14 17:19:11.268600,::1,3,MEDIUM
2026-02-14 17:19:12.527727,::1,7,HIGH
2026-02-14 17:19:21.273013,::1,3,MEDIUM
2026-02-14 17:19:22.530220,::1,7,HIGH
2026-02-14 17:19:31.275827,::1,3,MEDIUM
2026-02-14 17:19:32.532049,::1,7,HIGH
2026-02-14 17:19:41.277064,::1,3,MEDIUM
2026-02-14 17:19:42.533774,::1,7,HIGH
2026-02-14 17:19:51.279048,::1,3,MEDIUM
2026-02-14 17:19:52.535901,::1,7,HIGH
2026-02-14 17:20:01.280836,::1,3,MEDIUM
2026-02-14 17:20:02.538275,::1,7,HIGH
2026-02-14 17:20:11.283567,::1,3,MEDIUM
2026-02-14 17:20:12.540276,::1,7,HIGH
2026-02-14 17:20:21.286207,::1,3,MEDIUM
2026-02-14 17:20:22.543906,::1,7,HIGH
2026-02-14 17:20:31.290320,::1,3,MEDIUM
2026-02-14 17:20:32.548926,::1,7,HIGH
2026-02-14 17:20:41.294179,::1,3,MEDIUM
2026-02-14 17:20:42.555898,::1,7,HIGH
2026-02-14 17:20:51.297717,::1,3,MEDIUM
2026-02-14 17:20:52.564446,::1,7,HIGH
2026-02-14 17:21:01.300652,::1,3,MEDIUM
2026-02-14 17:21:02.572034,::1,7,HIGH
2026-02-14 17:21:11.302601,::1,3,MEDIUM
2026-02-14 17:21:12.574538,::1,7,HIGH
2026-02-14 17:21:21.304724,::1,3,MEDIUM
2026-02-14 17:21:22.577008,::1,7,HIGH
2026-02-14 17:21:31.306951,::1,3,MEDIUM
2026-02-14 17:21:32.578887,::1,7,HIGH
2026-02-14 17:21:33.705530,::1,7,HIGH
2026-02-14 17:21:41.310275,::1,3,MEDIUM
2026-02-14 17:21:42.580935,::1,7,HIGH
2026-02-14 17:21:51.312005,::1,3,MEDIUM
2026-02-14 17:21:52.583322,::1,7,HIGH
2026-02-14 17:22:01.313568,::1,3,MEDIUM
2026-02-14 17:22:02.586207,::1,7,HIGH
2026-02-14 17:22:11.315050,::1,3,MEDIUM
2026-02-14 17:22:12.588536,::1,7,HIGH
2026-02-14 17:22:21.318541,::1,3,MEDIUM
2026-02-14 17:22:22.593452,::1,7,HIGH
2026-02-14 17:22:31.321403,::1,3,MEDIUM
2026-02-14 17:22:32.598654,::1,7,HIGH
2026-02-14 17:22:41.323400,::1,3,MEDIUM
2026-02-14 17:22:42.601240,::1,7,HIGH
2026-02-14 17:22:51.333009,::1,3,MEDIUM
2026-02-14 17:22:52.603592,::1,7,HIGH
2026-02-14 17:23:01.337262,::1,3,MEDIUM
2026-02-14 17:23:02.606889,::1,7,HIGH
2026-02-14 17:23:11.339361,::1,3,MEDIUM
2026-02-14 17:23:12.609023,::1,7,HIGH
2026-02-14 17:23:21.341604,::1,3,MEDIUM
2026-02-14 17:23:22.611986,::1,7,HIGH
2026-02-14 17:23:31.344189,::1,3,MEDIUM
2026-02-14 17:23:32.616007,::1,7,HIGH
2026-02-14 17:23:41.346872,::1,3,MEDIUM
2026-02-14 17:23:42.619135,::1,7,HIGH
2026-02-14 17:23:51.348775,::1,3,MEDIUM
2026-02-14 17:23:52.620845,::1,7,HIGH
2026-02-14 17:24:01.353761,::1,3,MEDIUM
2026-02-14 17:24:02.622277,::1,7,HIGH
2026-02-14 17:24:11.357030,::1,3,MEDIUM
2026-02-14 17:24:12.624923,::1,7,HIGH
2026-02-14 17:24:21.359466,::1,3,MEDIUM
2026-02-14 17:24:22.628865,::1,7,HIGH
2026-02-14 17:24:31.362180,::1,3,MEDIUM
2026-02-14 17:24:32.632159,::1,7,HIGH
2026-02-14 17:24:41.365351,::1,3,MEDIUM
2026-02-14 17:24:42.635731,::1,7,HIGH
2026-02-14 17:24:51.368414,::1,3,MEDIUM
2026-02-14 17:24:52.639528,::1,7,HIGH
2026-02-14 17:25:01.370524,::1,3,MEDIUM
2026-02-14 17:25:02.644758,::1,7,HIGH
2026-02-14 17:25:11.373673,::1,3,MEDIUM
2026-02-14 17:25:12.648326,::1,7,HIGH
2026-02-14 17:25:21.375491,::1,3,MEDIUM
2026-02-14 17:25:22.651582,::1,7,HIGH
2026-02-14 17:25:31.381459,::1,3,MEDIUM
2026-02-14 17:25:32.656223,::1,7,HIGH
2026-02-14 17:25:41.383573,::1,3,MEDIUM
2026-02-14 17:25:42.660943,::1,7,HIGH
2026-02-14 17:25:51.385446,::1,3,MEDIUM
2026-02-14 17:25:52.662653,::1,7,HIGH
2026-02-14 17:26:01.388426,::1,3,MEDIUM
2026-02-14 17:26:02.664490,::1,7,HIGH
2026-02-14 17:26:11.390712,::1,3,MEDIUM
2026-02-14 17:26:12.666896,::1,7,HIGH
2026-02-14 17:26:21.399665,::1,3,MEDIUM
2026-02-14 17:26:22.669507,::1,7,HIGH
2026-02-14 17:26:31.405140,::1,3,MEDIUM
2026-02-14 17:26:32.675227,::1,7,HIGH
2026-02-14 17:26:41.411696,::1,3,MEDIUM
2026-02-14 17:26:42.681414,::1,7,HIGH
2026-02-14 17:26:51.414886,::1,3,MEDIUM
2026-02-14 17:26:52.683486,::1,7,HIGH
2026-02-14 17:27:01.417195,::1,3,MEDIUM
2026-02-14 17:27:02.685121,::1,7,HIGH
2026-02-14 17:27:11.419541,::1,3,MEDIUM
2026-02-14 17:27:12.688047,::1,7,HIGH
2026-02-14 17:27:21.421324,::1,3,MEDIUM
2026-02-14 17:27:22.691410,::1,7,HIGH
2026-02-14 17:27:31.425503,::1,3,MEDIUM
2026-02-14 17:27:32.696919,::1,7,HIGH
2026-02-14 17:27:41.430193,::1,3,MEDIUM
2026-02-14 17:27:42.703532,::1,7,HIGH
2026-02-14 17:27:51.435467,::1,3,MEDIUM
2026-02-14 17:27:52.707687,::1,7,HIGH
2026-02-14 17:28:01.439151,::1,3,MEDIUM
2026-02-14 17:28:02.711569,::1,7,HIGH
2026-02-14 17:28:11.445096,::1,3,MEDIUM
2026-02-14 17:28:12.718536,::1,7,HIGH
2026-02-14 17:28:21.448235,::1,3,MEDIUM
2026-02-14 17:28:22.725368,::1,7,HIGH
2026-02-14 17:28:31.451318,::1,3,MEDIUM
2026-02-14 17:28:32.729552,::1,7,HIGH
2026-02-14 17:28:41.454597,::1,3,MEDIUM
2026-02-14 17:28:42.733807,::1,7,HIGH
2026-02-14 17:28:51.458484,::1,3,MEDIUM
2026-02-14 17:28:52.736885,::1,7,HIGH
2026-02-14 17:29:01.465310,::1,3,MEDIUM
2026-02-14 17:29:02.739720,::1,7,HIGH
2026-02-14 17:29:11.467786,::1,3,MEDIUM
2026-02-14 17:29:12.741848,::1,7,HIGH
2026-02-14 17:29:21.472157,::1,3,MEDIUM
2026-02-14 17:29:22.748119,::1,7,HIGH
2026-02-14 17:29:31.474402,::1,3,MEDIUM
2026-02-14 17:29:32.754051,::1,7,HIGH
2026-02-14 17:29:41.476794,::1,3,MEDIUM
2026-02-14 17:29:42.758989,::1,7,HIGH
2026-02-14 17:29:51.480224,::1,3,MEDIUM
2026-02-14 17:29:52.760538,::1,7,HIGH
2026-02-14 17:30:01.483137,::1,3,MEDIUM
2026-02-14 17:30:02.762759,::1,7,HIGH
2026-02-14 17:30:11.485854,::1,3,MEDIUM
2026-02-14 17:30:12.765190,::1,7,HIGH
2026-02-14 17:30:21.488383,::1,3,MEDIUM
2026-02-14 17:30:22.767641,::1,7,HIGH
2026-02-14 17:30:31.490764,::1,3,MEDIUM
2026-02-14 17:30:32.770051,::1,7,HIGH
2026-02-14 17:30:41.494988,::1,3,MEDIUM
2026-02-14 17:30:42.773210,::1,7,HIGH
2026-02-14 17:30:51.498075,::1,3,MEDIUM
2026-02-14 17:30:52.776247,::1,7,HIGH
2026-02-14 17:31:01.501063,::1,3,MEDIUM
2026-02-14 17:31:02.777988,::1,7,HIGH
2026-02-14 17:31:11.504150,::1,3,MEDIUM
2026-02-14 17:31:12.780303,::1,7,HIGH
2026-02-14 17:31:21.506756,::1,3,MEDIUM
2026-02-14 17:31:22.783102,::1,7,HIGH
2026-02-14 17:31:31.509379,::1,3,MEDIUM
2026-02-14 17:31:32.786543,::1,7,HIGH
2026-02-14 17:31:41.511979,::1,3,MEDIUM
2026-02-14 17:31:42.788918,::1,7,HIGH
2026-02-14 17:31:51.514635,::1,3,MEDIUM
2026-02-14 17:31:52.791200,::1,7,HIGH
2026-02-14 17:32:01.517809,::1,3,MEDIUM
2026-02-14 17:32:02.795522,::1,7,HIGH
2026-02-14 17:32:11.519699,::1,3,MEDIUM
2026-02-14 17:32:12.806646,::1,7,HIGH
2026-02-14 17:32:21.522042,::1,3,MEDIUM
2026-02-14 17:32:22.816403,::1,7,HIGH
2026-02-14 17:32:31.525356,::1,3,MEDIUM
2026-02-14 17:32:32.825209,::1,7,HIGH
2026-02-14 17:32:41.529917,::1,3,MEDIUM
2026-02-14 17:32:42.828502,::1,7,HIGH
2026-02-14 17:32:51.537801,::1,3,MEDIUM
2026-02-14 17:32:52.832430,::1,7,HIGH
2026-02-14 17:33:01.540436,::1,3,MEDIUM
2026-02-14 17:33:02.838623,::1,7,HIGH
2026-02-14 17:33:11.542272,::1,3,MEDIUM
2026-02-14 17:33:12.845856,::1,7,HIGH
2026-02-14 17:33:21.544678,::1,3,MEDIUM
2026-02-14 17:33:22.849863,::1,7,HIGH
2026-02-14 17:33:31.546979,::1,3,MEDIUM
2026-02-14 17:33:32.854088,::1,7,HIGH
2026-02-14 17:33:41.551307,::1,3,MEDIUM
2026-02-14 17:33:42.858985,::1,7,HIGH
2026-02-14 17:33:51.554884,::1,3,MEDIUM
2026-02-14 17:33:52.863054,::1,7,HIGH
2026-02-14 17:34:01.560141,::1,3,MEDIUM
2026-02-14 17:34:02.867256,::1,7,HIGH
2026-02-14 17:34:11.566187,::1,3,MEDIUM
2026-02-14 17:34:12.870396,::1,7,HIGH
2026-02-14 17:34:21.572605,::1,3,MEDIUM
2026-02-14 17:34:22.872347,::1,7,HIGH
2026-02-14 17:34:31.580074,::1,3,MEDIUM
2026-02-14 17:34:32.875671,::1,7,HIGH
2026-02-14 17:34:41.586383,::1,3,MEDIUM
2026-02-14 17:34:42.884498,::1,7,HIGH
2026-02-14 17:34:51.592391,::1,3,MEDIUM
2026-02-14 17:34:52.888469,::1,7,HIGH
2026-02-14 17:35:01.594771,::1,3,MEDIUM
2026-02-14 17:35:02.892003,::1,7,HIGH
2026-02-14 17:35:11.599139,::1,3,MEDIUM
2026-02-14 17:35:12.898227,::1,7,HIGH
2026-02-14 17:35:21.601925,::1,3,MEDIUM
2026-02-14 17:35:22.901190,::1,7,HIGH
2026-02-14 17:35:31.604553,::1,3,MEDIUM
2026-02-14 17:35:32.904136,::1,7,HIGH
2026-02-14 17:35:41.607559,::1,3,MEDIUM
2026-02-14 17:35:42.906814,::1,7,HIGH
2026-02-14 17:35:51.612368,::1,3,MEDIUM
2026-02-14 17:35:52.910420,::1,7,HIGH
2026-02-14 17:36:01.615173,::1,3,MEDIUM
2026-02-14 17:36:02.913527,::1,7,HIGH
2026-02-14 17:36:11.616998,::1,3,MEDIUM
2026-02-14 17:36:12.916063,::1,7,HIGH
2026-02-14 17:36:21.619356,::1,3,MEDIUM
2026-02-14 17:36:22.919383,::1,7,HIGH
2026-02-14 17:36:31.621817,::1,3,MEDIUM
2026-02-14 17:36:32.923062,::1,7,HIGH
2026-02-14 17:36:41.639631,::1,3,MEDIUM
2026-02-14 17:36:42.926464,::1,7,HIGH
2026-02-14 17:36:51.644241,::1,3,MEDIUM
2026-02-14 17:36:52.931649,::1,7,HIGH
2026-02-14 17:37:01.646853,::1,3,MEDIUM
2026-02-14 17:37:02.934091,::1,7,HIGH
2026-02-14 17:37:11.650570,::1,3,MEDIUM
2026-02-14 17:37:12.937794,::1,7,HIGH
2026-02-14 17:37:21.653755,::1,3,MEDIUM
2026-02-14 17:37:22.943663,::1,7,HIGH
2026-02-14 17:37:31.656429,::1,3,MEDIUM
2026-02-14 17:37:32.948631,::1,7,HIGH
2026-02-14 17:37:41.658240,::1,3,MEDIUM
2026-02-14 17:37:42.950894,::1,7,HIGH
2026-02-14 17:37:51.662773,::1,3,MEDIUM
2026-02-14 17:37:52.962981,::1,7,HIGH
2026-02-14 17:38:01.664979,::1,3,MEDIUM
2026-02-14 17:38:02.969329,::1,7,HIGH
2026-02-14 17:38:11.667355,::1,3,MEDIUM
2026-02-14 17:38:12.971669,::1,7,HIGH
2026-02-14 17:38:21.669887,::1,3,MEDIUM
2026-02-14 17:38:22.973082,::1,7,HIGH
2026-02-14 17:38:31.672127,::1,3,MEDIUM
2026-02-14 17:38:32.974565,::1,7,HIGH
2026-02-14 17:38:41.674586,::1,3,MEDIUM
2026-02-14 17:38:42.975890,::1,7,HIGH
2026-02-14 17:38:51.678031,::1,3,MEDIUM
2026-02-14 17:38:52.977486,::1,7,HIGH
2026-02-14 17:39:01.682583,::1,3,MEDIUM
2026-02-14 17:39:02.979525,::1,7,HIGH
2026-02-14 17:39:11.686517,::1,3,MEDIUM
2026-02-14 17:39:12.981267,::1,7,HIGH
2026-02-14 17:39:21.689908,::1,3,MEDIUM
2026-02-14 17:39:22.983769,::1,7,HIGH
2026-02-14 17:39:31.692464,::1,3,MEDIUM
2026-02-14 17:39:32.986445,::1,7,HIGH
2026-02-14 17:39:41.695095,::1,3,MEDIUM
2026-02-14 17:39:42.988856,::1,7,HIGH
2026-02-14 17:39:51.697420,::1,3,MEDIUM
2026-02-14 17:39:52.991039,::1,7,HIGH
2026-02-14 17:40:01.699296,::1,3,MEDIUM
2026-02-14 17:40:02.993356,::1,7,HIGH
2026-02-14 17:40:11.701521,::1,3,MEDIUM
2026-02-14 17:40:12.996066,::1,7,HIGH
2026-02-14 17:40:21.704333,::1,3,MEDIUM
2026-02-14 17:40:23.001193,::1,7,HIGH
2026-02-14 17:40:31.706289,::1,3,MEDIUM
2026-02-14 17:40:33.005228,::1,7,HIGH
2026-02-14 17:40:41.711777,::1,3,MEDIUM
2026-02-14 17:40:43.011654,::1,7,HIGH
2026-02-14 17:40:51.720512,::1,3,MEDIUM
2026-02-14 17:40:53.015126,::1,7,HIGH
2026-02-14 17:41:01.723753,::1,3,MEDIUM
2026-02-14 17:41:03.016504,::1,7,HIGH
2026-02-14 17:41:11.726786,::1,3,MEDIUM
2026-02-14 17:41:13.018601,::1,7,HIGH
2026-02-14 17:41:21.730108,::1,3,MEDIUM
2026-02-14 17:41:23.021124,::1,7,HIGH
2026-02-14 17:41:31.732086,::1,3,MEDIUM
2026-02-14 17:41:33.023501,::1,7,HIGH
2026-02-14 17:41:41.733741,::1,3,MEDIUM
2026-02-14 17:41:43.024932,::1,7,HIGH
2026-02-14 17:41:51.736513,::1,3,MEDIUM
2026-02-14 17:41:53.026289,::1,7,HIGH
2026-02-14 17:42:01.738823,::1,3,MEDIUM
2026-02-14 17:42:03.027307,::1,7,HIGH
2026-02-14 17:42:11.741848,::1,3,MEDIUM
2026-02-14 17:42:13.028778,::1,7,HIGH
2026-02-14 17:42:21.744787,::1,3,MEDIUM
2026-02-14 17:42:23.031503,::1,7,HIGH
2026-02-14 17:42:31.747399,::1,3,MEDIUM
2026-02-14 17:42:33.033568,::1,7,HIGH
2026-02-14 17:42:41.749449,::1,3,MEDIUM
2026-02-14 17:42:43.035358,::1,7,HIGH
2026-02-14 17:42:51.752461,::1,3,MEDIUM
2026-02-14 17:42:53.039760,::1,7,HIGH
2026-02-14 17:43:01.754664,::1,3,MEDIUM
2026-02-14 17:43:03.042798,::1,7,HIGH
2026-02-14 17:43:11.757784,::1,3,MEDIUM
2026-02-14 17:43:13.044554,::1,7,HIGH
2026-02-14 17:43:21.765918,::1,3,MEDIUM
2026-02-14 17:43:23.046610,::1,7,HIGH
2026-02-14 17:43:31.772032,::1,3,MEDIUM
2026-02-14 17:43:33.048744,::1,7,HIGH
2026-02-14 17:43:41.777672,::1,3,MEDIUM
2026-02-14 17:43:43.053834,::1,7,HIGH
2026-02-14 17:43:51.781984,::1,3,MEDIUM
2026-02-14 17:43:53.057199,::1,7,HIGH
2026-02-14 17:44:01.784467,::1,3,MEDIUM
2026-02-14 17:44:03.059266,::1,7,HIGH
2026-02-14 17:44:11.789040,::1,3,MEDIUM
2026-02-14 17:44:13.062341,::1,7,HIGH
2026-02-14 17:44:21.792417,::1,3,MEDIUM
2026-02-14 17:44:23.067944,::1,7,HIGH
2026-02-14 17:44:31.794426,::1,3,MEDIUM
2026-02-14 17:44:33.071328,::1,7,HIGH
2026-02-14 17:44:41.798078,::1,3,MEDIUM
2026-02-14 17:44:43.075103,::1,7,HIGH
2026-02-14 17:44:51.801427,::1,3,MEDIUM
2026-02-14 17:44:53.078183,::1,7,HIGH
2026-02-14 17:45:01.806072,::1,3,MEDIUM
2026-02-14 17:45:03.081241,::1,7,HIGH
2026-02-14 17:45:11.812187,::1,3,MEDIUM
2026-02-14 17:45:13.084052,::1,7,HIGH
2026-02-14 17:45:21.817569,::1,3,MEDIUM
2026-02-14 17:45:23.090003,::1,7,HIGH
2026-02-14 17:45:31.823261,::1,3,MEDIUM
2026-02-14 17:45:33.098810,::1,7,HIGH
2026-02-14 17:45:41.826463,::1,3,MEDIUM
2026-02-14 17:45:43.106121,::1,7,HIGH
2026-02-14 17:45:51.829809,::1,3,MEDIUM
2026-02-14 17:45:53.114491,::1,7,HIGH
2026-02-14 17:46:01.832417,::1,3,MEDIUM
2026-02-14 17:46:03.116985,::1,7,HIGH
2026-02-14 17:46:11.834659,::1,3,MEDIUM
2026-02-14 17:46:13.120732,::1,7,HIGH
2026-02-14 17:46:21.838568,::1,3,MEDIUM
2026-02-14 17:46:23.123210,::1,7,HIGH
2026-02-14 17:46:31.841192,::1,3,MEDIUM
2026-02-14 17:46:33.125924,::1,7,HIGH
2026-02-14 17:46:41.844625,::1,3,MEDIUM
2026-02-14 17:46:43.128849,::1,7,HIGH
2026-02-14 17:46:51.847525,::1,3,MEDIUM
2026-02-14 17:46:53.131688,::1,7,HIGH
2026-02-14 17:47:01.850477,::1,3,MEDIUM
2026-02-14 17:47:03.134235,::1,7,HIGH
2026-02-14 17:47:11.853349,::1,3,MEDIUM
2026-02-14 17:47:13.136778,::1,7,HIGH
2026-02-14 17:47:21.856179,::1,3,MEDIUM
2026-02-14 17:47:23.143120,::1,7,HIGH
2026-02-14 17:47:31.862821,::1,3,MEDIUM
2026-02-14 17:47:33.148309,::1,7,HIGH
2026-02-14 17:47:41.866938,::1,3,MEDIUM
2026-02-14 17:47:43.152750,::1,7,HIGH
2026-02-14 17:47:51.871711,::1,3,MEDIUM
2026-02-14 17:47:53.154820,::1,7,HIGH
2026-02-14 17:48:01.875076,::1,3,MEDIUM
2026-02-14 17:48:03.157923,::1,7,HIGH
2026-02-14 17:48:11.878025,::1,3,MEDIUM
2026-02-14 17:48:13.159981,::1,7,HIGH
2026-02-14 17:48:21.882257,::1,3,MEDIUM
2026-02-14 17:48:23.162173,::1,7,HIGH
2026-02-14 17:48:31.885349,::1,3,MEDIUM
2026-02-14 17:48:33.164660,::1,7,HIGH
2026-02-14 17:48:41.887650,::1,3,MEDIUM
2026-02-14 17:48:43.166705,::1,7,HIGH
2026-02-14 17:48:51.909072,::1,3,MEDIUM
2026-02-14 17:48:53.169775,::1,7,HIGH
2026-02-14 17:49:01.911121,::1,3,MEDIUM
2026-02-14 17:49:03.173675,::1,7,HIGH
2026-02-14 17:49:11.913240,::1,3,MEDIUM
2026-02-14 17:49:13.177748,::1,7,HIGH
2026-02-14 17:49:21.916089,::1,3,MEDIUM
2026-02-14 17:49:23.180001,::1,7,HIGH
2026-02-14 17:49:31.918728,::1,3,MEDIUM
2026-02-14 17:49:33.182879,::1,7,HIGH
2026-02-14 17:49:41.926239,::1,3,MEDIUM
2026-02-14 17:49:43.185119,::1,7,HIGH
2026-02-14 17:49:51.928431,::1,3,MEDIUM
2026-02-14 17:49:53.188709,::1,7,HIGH
2026-02-14 17:50:01.935955,::1,3,MEDIUM
2026-02-14 17:50:03.193195,::1,7,HIGH
2026-02-14 17:50:11.939000,::1,3,MEDIUM
2026-02-14 17:50:13.196780,::1,7,HIGH
2026-02-14 17:50:21.942737,::1,3,MEDIUM
2026-02-14 17:50:23.199791,::1,7,HIGH
2026-02-14 17:50:31.946068,::1,3,MEDIUM
2026-02-14 17:50:33.201736,::1,7,HIGH
2026-02-14 17:50:41.948404,::1,3,MEDIUM
2026-02-14 17:50:43.206593,::1,7,HIGH
2026-02-14 17:50:51.952329,::1,3,MEDIUM
2026-02-14 17:50:53.209644,::1,7,HIGH
2026-02-14 17:51:01.955795,::1,3,MEDIUM
2026-02-14 17:51:03.213926,::1,7,HIGH
2026-02-14 17:51:11.957826,::1,3,MEDIUM
2026-02-14 17:51:13.217193,::1,7,HIGH
2026-02-14 17:51:21.960701,::1,3,MEDIUM
2026-02-14 17:51:23.219194,::1,7,HIGH
2026-02-14 17:51:31.965456,::1,3,MEDIUM
2026-02-14 17:51:33.221037,::1,7,HIGH
2026-02-14 17:51:41.969217,::1,3,MEDIUM
2026-02-14 17:51:43.222838,::1,7,HIGH
2026-02-14 17:51:52.015669,::1,3,MEDIUM
2026-02-14 17:51:53.225329,::1,7,HIGH
2026-02-14 17:52:02.021499,::1,3,MEDIUM
2026-02-14 17:52:03.234033,::1,7,HIGH
2026-02-14 17:52:12.024830,::1,3,MEDIUM
2026-02-14 17:52:13.237285,::1,7,HIGH
2026-02-14 17:52:22.027166,::1,3,MEDIUM
2026-02-14 17:52:23.239226,::1,7,HIGH
2026-02-14 17:52:32.030072,::1,3,MEDIUM
2026-02-14 17:52:33.242448,::1,7,HIGH
2026-02-14 17:52:42.033038,::1,3,MEDIUM
2026-02-14 17:52:43.246020,::1,7,HIGH
2026-02-14 17:52:52.036241,::1,3,MEDIUM
2026-02-14 17:52:53.249317,::1,7,HIGH
2026-02-14 17:53:02.039972,::1,3,MEDIUM
2026-02-14 17:53:03.255008,::1,7,HIGH
2026-02-14 17:53:12.044858,::1,3,MEDIUM
2026-02-14 17:53:13.258676,::1,7,HIGH
2026-02-14 17:53:22.048080,::1,3,MEDIUM
2026-02-14 17:53:23.260514,::1,7,HIGH
2026-02-14 17:53:32.050232,::1,3,MEDIUM
2026-02-14 17:53:33.263162,::1,7,HIGH
2026-02-14 17:53:42.052599,::1,3,MEDIUM
2026-02-14 17:53:43.267940,::1,7,HIGH
2026-02-14 17:53:52.054084,::1,3,MEDIUM
2026-02-14 17:53:53.271030,::1,7,HIGH
2026-02-14 17:54:02.057635,::1,3,MEDIUM
2026-02-14 17:54:03.273881,::1,8,HIGH
2026-02-14 17:54:12.059953,::1,3,MEDIUM
2026-02-14 17:54:13.277094,::1,8,HIGH
2026-02-14 17:54:22.064333,::1,3,MEDIUM
2026-02-14 17:54:23.279429,::1,8,HIGH
2026-02-14 17:54:32.067744,::1,3,MEDIUM
2026-02-14 17:54:33.282206,::1,8,HIGH
2026-02-14 17:54:42.074847,::1,3,MEDIUM
2026-02-14 17:54:43.288420,::1,8,HIGH
2026-02-14 17:54:52.078552,::1,3,MEDIUM
2026-02-14 17:54:53.292714,::1,8,HIGH
2026-02-14 17:55:02.084435,::1,3,MEDIUM
2026-02-14 17:55:03.296286,::1,8,HIGH
2026-02-14 17:55:12.092798,::1,3,MEDIUM
2026-02-14 17:55:13.300988,::1,8,HIGH
2026-02-14 17:55:22.095366,::1,3,MEDIUM
2026-02-14 17:55:23.306626,::1,8,HIGH
2026-02-14 17:55:32.098979,::1,3,MEDIUM
2026-02-14 17:55:33.311341,::1,8,HIGH
2026-02-14 17:55:42.103165,::1,3,MEDIUM
2026-02-14 17:55:43.314864,::1,8,HIGH
2026-02-14 17:55:52.106026,::1,3,MEDIUM
2026-02-14 17:55:53.317895,::1,8,HIGH
2026-02-14 17:56:02.108218,::1,3,MEDIUM
2026-02-14 17:56:03.324028,::1,8,HIGH
2026-02-14 17:56:12.114285,::1,3,MEDIUM
2026-02-14 17:56:13.328159,::1,8,HIGH
2026-02-14 17:56:22.117683,::1,3,MEDIUM
2026-02-14 17:56:23.331649,::1,8,HIGH
2026-02-14 17:56:32.121321,::1,3,MEDIUM
2026-02-14 17:56:33.334024,::1,8,HIGH
2026-02-14 17:56:42.126051,::1,3,MEDIUM
2026-02-14 17:56:43.336719,::1,8,HIGH
2026-02-14 17:56:52.129069,::1,3,MEDIUM
2026-02-14 17:56:53.339476,::1,8,HIGH
2026-02-14 17:57:02.131099,::1,3,MEDIUM
2026-02-14 17:57:03.342149,::1,8,HIGH
2026-02-14 17:57:12.132844,::1,3,MEDIUM
2026-02-14 17:57:13.343963,::1,8,HIGH
2026-02-14 17:57:22.135163,::1,3,MEDIUM
2026-02-14 17:57:23.347091,::1,8,HIGH
2026-02-14 17:57:32.136673,::1,3,MEDIUM
2026-02-14 17:57:33.350411,::1,8,HIGH
2026-02-14 17:57:42.139029,::1,3,MEDIUM
2026-02-14 17:57:43.352626,::1,8,HIGH
2026-02-14 17:57:52.141284,::1,3,MEDIUM
2026-02-14 17:57:53.357419,::1,8,HIGH
2026-02-14 17:58:02.144208,::1,3,MEDIUM
2026-02-14 17:58:03.361963,::1,8,HIGH
2026-02-14 17:58:12.148386,::1,3,MEDIUM
2026-02-14 17:58:13.364771,::1,8,HIGH
2026-02-14 17:58:22.151814,::1,3,MEDIUM
2026-02-14 17:58:23.368120,::1,8,HIGH
2026-02-14 17:58:32.153999,::1,3,MEDIUM
2026-02-14 17:58:33.370447,::1,8,HIGH
2026-02-14 17:58:42.155574,::1,3,MEDIUM
2026-02-14 17:58:43.374899,::1,8,HIGH
2026-02-14 17:58:52.162261,::1,3,MEDIUM
2026-02-14 17:58:53.378190,::1,8,HIGH
2026-02-14 17:59:02.170344,::1,3,MEDIUM
2026-02-14 17:59:03.382519,::1,8,HIGH
2026-02-14 17:59:12.174049,::1,3,MEDIUM
2026-02-14 17:59:13.386740,::1,8,HIGH
2026-02-14 17:59:22.178081,::1,3,MEDIUM
2026-02-14 17:59:23.389313,::1,8,HIGH
2026-02-14 17:59:32.182766,::1,3,MEDIUM
2026-02-14 17:59:33.391570,::1,8,HIGH
2026-02-14 17:59:42.185267,::1,3,MEDIUM
2026-02-14 17:59:43.394158,::1,8,HIGH
2026-02-14 17:59:52.187997,::1,3,MEDIUM
2026-02-14 17:59:53.396782,::1,8,HIGH
2026-02-14 18:00:02.195069,::1,3,MEDIUM
2026-02-14 18:00:03.399908,::1,8,HIGH
2026-02-14 18:00:12.198462,::1,3,MEDIUM
2026-02-14 18:00:13.404262,::1,8,HIGH
2026-02-14 18:00:22.202070,::1,3,MEDIUM
2026-02-14 18:00:23.412464,::1,8,HIGH
2026-02-14 18:00:32.207234,::1,3,MEDIUM
2026-02-14 18:00:33.414729,::1,8,HIGH
2026-02-14 18:00:42.210072,::1,3,MEDIUM
2026-02-14 18:00:43.417907,::1,8,HIGH
2026-02-14 18:00:52.214951,::1,3,MEDIUM
2026-02-14 18:00:53.421360,::1,8,HIGH
2026-02-14 18:01:02.220886,::1,3,MEDIUM
2026-02-14 18:01:03.424462,::1,8,HIGH
2026-02-14 18:01:12.224637,::1,3,MEDIUM
2026-02-14 18:01:13.430340,::1,8,HIGH
2026-02-14 18:01:22.228263,::1,3,MEDIUM
2026-02-14 18:01:23.435976,::1,8,HIGH
2026-02-14 18:01:32.230877,::1,3,MEDIUM
2026-02-14 18:01:33.439186,::1,8,HIGH
2026-02-14 18:01:42.232827,::1,3,MEDIUM
2026-02-14 18:01:43.441609,::1,8,HIGH
2026-02-14 18:01:52.234137,::1,3,MEDIUM
2026-02-14 18:01:53.442900,::1,8,HIGH
2026-02-14 18:02:02.235687,::1,3,MEDIUM
2026-02-14 18:02:03.444776,::1,8,HIGH
2026-02-14 18:02:12.241705,::1,3,MEDIUM
2026-02-14 18:02:13.447552,::1,8,HIGH
2026-02-14 18:02:22.245184,::1,3,MEDIUM
2026-02-14 18:02:23.449650,::1,8,HIGH
2026-02-14 18:02:32.250863,::1,3,MEDIUM
2026-02-14 18:02:33.451459,::1,8,HIGH
2026-02-14 18:02:42.260119,::1,3,MEDIUM
2026-02-14 18:02:43.453661,::1,8,HIGH
2026-02-14 18:02:52.264827,::1,3,MEDIUM
2026-02-14 18:02:53.458017,::1,8,HIGH
2026-02-14 18:03:02.269097,::1,3,MEDIUM
2026-02-14 18:03:03.462560,::1,8,HIGH
2026-02-14 18:03:12.272983,::1,3,MEDIUM
2026-02-14 18:03:13.467425,::1,8,HIGH
2026-02-14 18:03:22.277563,::1,3,MEDIUM
2026-02-14 18:03:23.471524,::1,8,HIGH
2026-02-14 18:03:32.281077,::1,3,MEDIUM
2026-02-14 18:03:33.473923,::1,8,HIGH
2026-02-14 18:03:42.283446,::1,3,MEDIUM
2026-02-14 18:03:43.477104,::1,8,HIGH
2026-02-14 18:03:52.285432,::1,3,MEDIUM
2026-02-14 18:03:53.479673,::1,8,HIGH
2026-02-14 18:04:02.289744,::1,3,MEDIUM
2026-02-14 18:04:03.482868,::1,8,HIGH
2026-02-14 18:04:12.294105,::1,3,MEDIUM
2026-02-14 18:04:13.485012,::1,8,HIGH
2026-02-14 18:04:22.300863,::1,3,MEDIUM
2026-02-14 18:04:23.486489,::1,8,HIGH
2026-02-14 18:04:32.307106,::1,3,MEDIUM
2026-02-14 18:04:33.500094,::1,8,HIGH
2026-02-14 18:04:42.313125,::1,3,MEDIUM
2026-02-14 18:04:43.507342,::1,8,HIGH
2026-02-14 18:04:52.317426,::1,3,MEDIUM
2026-02-14 18:04:53.511773,::1,8,HIGH
2026-02-14 18:05:02.319264,::1,3,MEDIUM
2026-02-14 18:05:03.515017,::1,8,HIGH
2026-02-14 18:05:12.322695,::1,3,MEDIUM
2026-02-14 18:05:13.522095,::1,8,HIGH
2026-02-14 18:05:22.326197,::1,3,MEDIUM
2026-02-14 18:05:23.527937,::1,8,HIGH
2026-02-14 18:05:32.328861,::1,3,MEDIUM
2026-02-14 18:05:33.531479,::1,8,HIGH
2026-02-14 18:05:42.332796,::1,3,MEDIUM
2026-02-14 18:05:43.540312,::1,8,HIGH
2026-02-14 18:05:52.335381,::1,3,MEDIUM
2026-02-14 18:05:53.545234,::1,8,HIGH
2026-02-14 18:06:02.338732,::1,3,MEDIUM
2026-02-14 18:06:03.548337,::1,8,HIGH
2026-02-14 18:06:12.342957,::1,3,MEDIUM
2026-02-14 18:06:13.551288,::1,8,HIGH
2026-02-14 18:06:22.346829,::1,3,MEDIUM
2026-02-14 18:06:23.556712,::1,8,HIGH
2026-02-14 18:06:32.352413,::1,3,MEDIUM
2026-02-14 18:06:33.598831,::1,8,HIGH
2026-02-14 18:06:42.358839,::1,3,MEDIUM
2026-02-14 18:06:43.600611,::1,8,HIGH
2026-02-14 18:06:52.363289,::1,3,MEDIUM
2026-02-14 18:06:53.604945,::1,8,HIGH
2026-02-14 18:07:02.369241,::1,3,MEDIUM
2026-02-14 18:07:03.611280,::1,8,HIGH
2026-02-14 18:07:12.373649,::1,3,MEDIUM
2026-02-14 18:07:13.615776,::1,8,HIGH
2026-02-14 18:07:22.376220,::1,3,MEDIUM
2026-02-14 18:07:23.618116,::1,8,HIGH
2026-02-14 18:07:32.379151,::1,3,MEDIUM
2026-02-14 18:07:33.622815,::1,8,HIGH
2026-02-14 18:07:42.382157,::1,3,MEDIUM
2026-02-14 18:07:43.626774,::1,8,HIGH
2026-02-14 18:07:52.384751,::1,3,MEDIUM
2026-02-14 18:07:53.631169,::1,8,HIGH
2026-02-14 18:08:02.386993,::1,3,MEDIUM
2026-02-14 18:08:03.635197,::1,8,HIGH
2026-02-14 18:08:12.389724,::1,3,MEDIUM
2026-02-14 18:08:13.638083,::1,8,HIGH
2026-02-14 18:08:22.392352,::1,3,MEDIUM
2026-02-14 18:08:23.640707,::1,8,HIGH
2026-02-14 18:08:32.394997,::1,3,MEDIUM
2026-02-14 18:08:33.643591,::1,8,HIGH
2026-02-14 18:08:42.397395,::1,3,MEDIUM
2026-02-14 18:08:43.645812,::1,8,HIGH
2026-02-14 18:08:52.399446,::1,3,MEDIUM
2026-02-14 18:08:53.649928,::1,8,HIGH
2026-02-14 18:09:02.401547,::1,3,MEDIUM
2026-02-14 18:09:03.652616,::1,8,HIGH
2026-02-14 18:09:12.403081,::1,3,MEDIUM
2026-02-14 18:09:13.654106,::1,8,HIGH
2026-02-14 18:09:22.405524,::1,3,MEDIUM
2026-02-14 18:09:23.656225,::1,8,HIGH
2026-02-14 18:09:32.407983,::1,3,MEDIUM
2026-02-14 18:09:33.659598,::1,8,HIGH
2026-02-14 18:09:42.410103,::1,3,MEDIUM
2026-02-14 18:09:43.663268,::1,8,HIGH
2026-02-14 18:09:52.414347,::1,3,MEDIUM
2026-02-14 18:09:53.668148,::1,8,HIGH
2026-02-14 18:10:02.419986,::1,3,MEDIUM
2026-02-14 18:10:03.672133,::1,8,HIGH
2026-02-14 18:10:12.423751,::1,3,MEDIUM
